,statistic,pvalue,Genes
0,0.8726453185081482,9.202949877362698e-05,CERKL
1,0.9521903991699219,0.048907794058322906,CHRNA10
2,0.9301935434341431,0.006931501906365156,FA2H
3,0.5892353653907776,2.3123682135750556e-10,SMYD1
4,,1.0,CLIC4
5,,1.0,COL4A1
6,,1.0,FAM189A1
7,,1.0,PTGDR
8,,1.0,SDCCAG8
9,,1.0,TF
